,url,name,asin,image,price,isPrime,offer,customerReview,customerReviewCount
0,https://www.amazon.com/Black-WD5000LPSX-500-Hard-Drive/dp/B08F3YHMNJ,"Western Digital Black WD5000LPSX 500 GB Hard Drive - 2.5"" Internal - SATA (SATA/600)",Western Digital,https://images-na.ssl-images-amazon.com/images/I/41M0zGChuZL.jpg,$39.99,,,4.3 out of 5 stars,73
1,https://www.amazon.com/EbidDealz-Replacement-Internal-SanDisk-769995-001/dp/B0CRFX1PBT,"EbidDealz Replacement for Laptop Internal SanDisk X300s 512GB 2.5"" SSD SATA Solid State Drive for All Laptops 769995-001","‎Internal SanDisk X300s 512GB 2.5"" SSD SATA Solid State Drive",https://images-na.ssl-images-amazon.com/images/I/41T jx4i6nL.jpg,$49.99,,,,0
2,https://www.amazon.com/AAAwave-TEAMGROUP-T253X7001T0C101-Internal-Aluminum/dp/B0CQ3TQJG4,AAAwave TEAMGROUP T253X7001T0C101 QX 1TB 3D NAND QLC 2.5 Inch SATA III Internal Solid State Drive SSD w Aluminum HDD/SSD Mounting Kit,‎T253X7001T0C101,https://images-na.ssl-images-amazon.com/images/I/41vJq5k omL.jpg,$56.99,,,,0
3,https://www.amazon.com/HUSMM148-EMC800-Replacement-enclosures-Professionally/dp/B0CJYJ8YX6,"HUSMM148 EMC800 EMC ($698 ea.) 800GB, SAS, 2.5"" SSD, 12Gb/s -1 Year Replacement Warranty! for Unity 300, 400, 500, and 600 Series, -25 and -80 Disk enclosures. Professionally Tested and Certified!",‎EMC HUSMM148 EMC800,https://images-na.ssl-images-amazon.com/images/I/41IQ1xn0aQL.jpg,$698.00,,,,0
4,https://www.amazon.com/SSK-Portable-External-Consumption-MacBook/dp/B0CL96YTLQ,"SSK Portable SSD 2TB, up to 2000MB/s External Solid State Drives, USB 3.2 Gen2X2 NVMe SSD External Hard Drive, Ultra Low Power Consumption for iPhone 15/ MacBook/Pro/OTG Phone/Laptops",‎SD600,https://images-na.ssl-images-amazon.com/images/I/31srO5ryLNL.jpg,$139.99,,,4.8 out of 5 stars,45
5,https://www.amazon.com/Silicon-Power-Gen3x4-Solid-SP002TBP34A60M28/dp/B07ZQ97H3W,Silicon Power 2TB NVMe M.2 PCIe Gen3x4 2280 SSD Solid State Drive (SP002TBP34A60M28),‎P34A60,https://images-na.ssl-images-amazon.com/images/I/41k5i2m1UCL.jpg,$103.97,,,4.6 out of 5 stars,9818
6,https://www.amazon.com/Jorkar-MacBook-A1708-Internal-2016-2017/dp/B0CKWZDDW5,"Jorkar 256GB SSD for MacBook Pro A1708 NVMe PCIe Gen3x4 M.2, Internal Solid State Drive Upgrade for MacBook Pro A1708 (2016-2017)",‎A1708,https://images-na.ssl-images-amazon.com/images/I/31Dz1aKewlL.jpg,$59.90,,,4.4 out of 5 stars,11
7,https://www.amazon.com/RAOYI-Internal-Advanced-Upgrade-Performance/dp/B0C3CTZ3ZB,RAOYI 1TB Internal SSD SATA III 2.5”Internal Solid State Drive 3D NAND Flash Advanced SSD Internal Hard Drive Up to 500MB/s SATA 3 SSD Upgrade Performance for PC Laptop,‎Linux,https://images-na.ssl-images-amazon.com/images/I/31af8aFGRqL.jpg,$54.99,,,4.5 out of 5 stars,110
8,https://www.amazon.com/HP-S750-NAND-256GB-Internal/dp/B08CLV3Q88,"HP S750 256GB SATA III 2.5 Inch PC SSD, 6 Gb/s, 3D NAND Internal Solid State Hard Drive Up to 560 MB/s - 16L52AA#ABA",‎S750,https://images-na.ssl-images-amazon.com/images/I/21eeF2CHQrL.jpg,['1 option from $64.99'],,,4.6 out of 5 stars,922
9,https://www.amazon.com/Silicon-Power-SP04KGBP44US7505-Compatible-Playstation/dp/B0CJ2N9485,"Silicon Power 4TB US75 Nvme PCIe Gen4x4 M.2 2280 SSD R/W Up to 7,000/6,500 MB/s (SP04KGBP44US7505) Compatible with Playstation 5",‎SP04KGBP44US7505,https://images-na.ssl-images-amazon.com/images/I/41vPMvLZaDL.jpg,$197.99,,,4.6 out of 5 stars,1387
10,https://www.amazon.com/Transcend-External-Portable-Certified-TS2TESD360C/dp/B0CRZF1HSR,"Transcend 2TB External, Portable, Military Drop Test Certified SSD ESD360C USB 20Gbps Type C TS2TESD360C",‎TS2TESD360C,https://images-na.ssl-images-amazon.com/images/I/31YcMmWajrL.jpg,$221.82$221.82,,,,0
11,https://www.amazon.com/Transcend-External-Portable-ESD265C-TS500GESD265C/dp/B0CP61611X,"Transcend 500GB External, Portable SSD ESD265C USB 10Gbps Type C TS500GESD265C",‎TS500GESD265C,https://images-na.ssl-images-amazon.com/images/I/313XtzJR4uL.jpg,$64.20$64.20,,,,0
12,https://www.amazon.com/MIJOYEE-Mobile-Solid-State-Drive/dp/B0CSKQC7KC,MIJOYEE SSD Mobile Solid State Drive,‎MIJOYEE,https://images-na.ssl-images-amazon.com/images/I/41YyrTK2U5L.jpg,$88.99,,,,0
13,https://www.amazon.com/NEMIX-RAM-Cache-Compatible-TS-H1677AXU-RP/dp/B0CPGS1T27,NEMIX RAM 1TB M.2 2280 Gen4 PCIe NVMe SSD Cache Drive Compatible with The QNAP TS-H1677AXU-RP NAS,NEMIX RAM,https://images-na.ssl-images-amazon.com/images/I/31HlQlv9TOL.jpg,$89.99,,,,0
14,https://www.amazon.com/Enclosure-40Gbps-External-Adapter-Aluminum/dp/B0CS3HYLYB,"M.2 NVME SSD Enclosure, 40Gbps Solid State Drive External Enclosure Adapter, Aluminum 4TB USB 4.0 M.2 SSD Drive Enclosure Case, for Type C 2280 SSD",B0CS3HYLYB,https://images-na.ssl-images-amazon.com/images/I/41LljfhnUML.jpg,$76.62,,,,0
15,https://www.amazon.com/Dell-256GB-SNP112P-256G-AA615519/dp/B0BZJL9BRB,Dell SSD 256GB Class 40 M.2 2280 NVMe PCIe 3.0 Gen 3x4 Solid State Drive SNP112P/256G AA615519,‎SNP112P/256G AA615519,https://images-na.ssl-images-amazon.com/images/I/31rYhMCbpzL.jpg,$48.99,,,4.7 out of 5 stars,5
16,https://www.amazon.com/Samsung-MZ-7TD250-250GB-Internal-Solid/dp/B00B2ATH4W,Samsung 840 MZ-7TD250 250GB 2.5 SATA III Internal Solid State Drive (SSD),‎Samsung 840,https://images-na.ssl-images-amazon.com/images/I/51nXKazrt6L.jpg,$79.99,,,,0
17,https://www.amazon.com/GALIMU-SDBPMPZ-256G-Western-Digital-Internal/dp/B0CSN7984X,GALIMU SDBPMPZ-256G Western Digital SN530 256GB M.2 2242 PCIe NVMe Internal Solid State Drive (SSD) OEM,‎Western Digital,https://images-na.ssl-images-amazon.com/images/I/41CQW0XCORL.jpg,$19.99,,,,0
18,https://www.amazon.com/Cooler-Master-Enclosure-Toolless-SOA010-ME-00/dp/B0BX6GKL5Y,"Cooler Master Oracle AIR High Speed NVME M.2 SSD Enclosure, Full Toolless, Aluminum, USB 3.2 Gen 2 Type-C, Write|Read GBP 10,Write| Read MB/s 1054, SSD Size 2280|2260|2242|2240|2230 (SOA010-ME-00)",‎SOA010-ME-00,https://images-na.ssl-images-amazon.com/images/I/41GLWiS7HKL.jpg,$40.99,,,5.0 out of 5 stars,5
19,https://www.amazon.com/Timetec-512GB-400TBW-Performance-Internal/dp/B08GJCZG39,"Timetec 512GB SSD 3D NAND SATA III 6Gb/s 2.5 Inch 7mm (0.28"") Read Speed Up to 550 MB/s SLC Cache Performance Boost Internal Solid State Drive for PC Computer Desktop and Laptop (512GB)","‎PC, laptop, Mac",https://images-na.ssl-images-amazon.com/images/I/41guwoWt9jL.jpg,$32.99,,,4.6 out of 5 stars,1949
20,https://www.amazon.com/innodisk-DESSL-02GD07AW1SB-SATADOM-SL-Industrial-40-85%C2%B0C/dp/B0CRVWCP4J,".innodisk. DESSL-02GD07AW1SB, SATADOM-SL 3SE(Industrial, W/T Grade, -40~85°C, Thermal Sensor) - 02GB SATADOM-SL 3SE SLC",6.99 Pounds,https://images-na.ssl-images-amazon.com/images/I/31kgSGUXDWL.jpg,$94.99,,,,0
21,https://www.amazon.com/JOIOT-Portable-250GB-External-Solid/dp/B09D2RDD8G,"JOIOT Mini Portable SSD 240GB External Solid State Drive - Up to 540MB/s, USB 3.1 Gen 2 Ultra-Slim External SSD, Blue",‎240GB,https://images-na.ssl-images-amazon.com/images/I/21ZH6r4t74L.jpg,$32.99,,,4.2 out of 5 stars,219
22,https://www.amazon.com/Hp-Portable-External-Transfer-Lightweight/dp/B0CGJKV6WL,"Hp Portable P500 External SSD 500GB, 420MB/s, USB Type C-to-A Cable and Type A-to-C Adaptor, Fast Transfer Speeds and Lightweight, Red",‎Mac,https://images-na.ssl-images-amazon.com/images/I/21xboAOORrL.jpg,$59.99,,,5.0 out of 5 stars,4
23,https://www.amazon.com/Transcend-TS1TESD300C-External-Portable-Type-C/dp/B0CGDFZ51Q,"Transcend TS1TESD300C 1TB External, Portable, USB Type-C Solid State Drive, with Speeds up to 1,050MB/s",‎ESD300C,https://images-na.ssl-images-amazon.com/images/I/314idmJzVsL.jpg,$84.35,,,4.1 out of 5 stars,23
24,https://www.amazon.com/Genuine-Original-P47814-B21-480GB-PM897/dp/B0CTQNM5V8,Genuine Original P47814-B21 480GB SATA 6G MU SFF SC PM897 SSD,‎P47814-B21_d,https://images-na.ssl-images-amazon.com/images/I/31Ljq2jbaZL.jpg,$400.00,,,,0
25,https://www.amazon.com/Goldenfir-128GB-PCIe3-0-Internal-NVMe-256GB/dp/B0CTFF6JLP,Goldenfir 2280 NVMe 128GB 256GB 512GB 1TB PCIe3.0 M.2 SSD Internal Solid State Drive for PC (NVMe-256GB),‎1.76 ounces,https://images-na.ssl-images-amazon.com/images/I/41hEk0ANW2L.jpg,$26.00,,,,0
26,https://www.amazon.com/DATO-Portable-Torch-External-Compact/dp/B0CJRBJB3K,"DATO 1TB Portable SSD, ARES Torch External SSD, Up to 1050/1000 MB/s, USB 3.2 Gen 2x1 Type C Super Light & Compact Portable Solid State Drive",‎Ares Torch (500GB),https://images-na.ssl-images-amazon.com/images/I/21QEi8UpMkL.jpg,$78.00,,,4.4 out of 5 stars,28
27,https://www.amazon.com/HP-Portable-Adaptor-Transfer-Lightweight/dp/B0CV231R79,"HP 1TB P500 Portable Solid State Drive, 420MB/s, USB Type C-to-A Cable and Type A-to-C Adaptor, Fast Transfer Speeds and Lightweight",‎hp,https://images-na.ssl-images-amazon.com/images/I/216LBo02UjL.jpg,$69.99,,,,0
28,https://www.amazon.com/SSK-External-Storage-Android-Windows/dp/B0C9J4ZXN9,"SSK 2TB External USB SSD,Super Fast 550MB/s 2-in-1 Dual Drive USB Type C+ USB A 3.2 Gen2 Solid State Thumb Drive Data Storage for iPhone 15/PS4/Android Phone/Tablet/Windows/Mac",‎SD301,https://images-na.ssl-images-amazon.com/images/I/31u4SszSb3L.jpg,$125.99,,,4.7 out of 5 stars,160
29,https://www.amazon.com/TEKISM-Portable-512GB-External-Solid/dp/B0CDLJJMFT,"TEKISM Portable SSD 512GB External Solid State Drive - USB Type-C, USB 3.1, speeds up to 520MB/s, Metallic, Super Thin and Light, for Mac PC and iPad, with Indicator Light",‎TEK1 PRO,https://images-na.ssl-images-amazon.com/images/I/212phUt HWL.jpg,$45.99,,,5.0 out of 5 stars,1
30,https://www.amazon.com/Fanxiang-S101-Internal-Compatible-Desktops/dp/B09XDJ673F,"fanxiang S101 1TB SSD SATA III 6Gb/s 2.5"" Internal Solid State Drive, Read Speed up to 550MB/sec, Compatible with Laptop and PC Desktops(Black)",‎S101,https://images-na.ssl-images-amazon.com/images/I/418CbyyWy4L.jpg,$61.98,,,4.6 out of 5 stars,15082
31,https://www.amazon.com/Toshiba-Canvio-Basics-Portable-External/dp/B0BQX6NNVC,"Toshiba Canvio Basics 2TB Portable External Hard Drive USB 3.0, Black - HDTB520XK3AA",‎Canvio Basics,https://images-na.ssl-images-amazon.com/images/I/21nNvPbht5L.jpg,$64.99,,,4.7 out of 5 stars,75103
32,https://www.amazon.com/WD_BLACK-SN850X-Internal-Gaming-Solid/dp/B0B7CQ2CHH,"WD_BLACK 4TB SN850X NVMe Internal Gaming SSD Solid State Drive - Gen4 PCIe, M.2 2280, Up to 7,300 MB/s - WDS400T2X0E",‎SN850X,https://images-na.ssl-images-amazon.com/images/I/31QT5NHR58L.jpg,$309.99,,,4.8 out of 5 stars,15228
33,https://www.amazon.com/Western-Digital-WD_BLACK-SN770M-WDS200T3X0G/dp/B0CN17F7XC,Western Digital WD_BLACK SN770M WDS200T3X0G - SSD - 2 TB - mobile game drive - internal - M.2 2230 - PCIe 4.0 x4 (NVMe),‎NVMe,https://images-na.ssl-images-amazon.com/images/I/2109tTYidjL.jpg,$281.10,,,5.0 out of 5 stars,1
34,https://www.amazon.com/PNY-CS2140-500GB-Internal-Solid/dp/B09RPQQTHS,PNY CS2140 500GB M.2 NVMe Gen4 x4 Internal Solid State Drive (SSD) - M280CS2140-500-RB,‎CS2140 M.2 NVMe SSD,https://images-na.ssl-images-amazon.com/images/I/417gltPXSlL.jpg,$59.44,,,4.7 out of 5 stars,316
35,https://www.amazon.com/Yuly-Internal-Laptop-Desktop-Notebook/dp/B0CRYHGRNB,Yuly M.2 2242 SSD 16GB M2 Internal Drive HDD Hard Disk for Laptop Desktop Notebook M.2 2242 Ssd,‎B0CRYHGRNB,https://images-na.ssl-images-amazon.com/images/I/41vNmliFr1L.jpg,$4.29,,,,0
36,https://www.amazon.com/Fikwot-FN950-Internal-Solid-State/dp/B0C9DV1GZB,"Fikwot FN950 1TB SSD M.2 2280 PCIe Gen4 x4 NVMe 1.4 Internal Solid State Drive - Speeds up to 5000MB/s, Dynamic SLC Cache,Compatible with Laptop,Desktop and Ps5",‎1.06 ounces,https://images-na.ssl-images-amazon.com/images/I/41rAwhG4nrL.jpg,$75.99,,,4.6 out of 5 stars,1471
37,https://www.amazon.com/FRONC-External-Portable-Transfer-Photographers/dp/B0CV52PH8H,"FRONC External SSD, Portable High Speed Laptop SSD External Drives, 4TB USB 3.0 External Hard Drive Up to 5Gbps Data Transfer Speed, USB Memory Storage Photo Stick for Photographers Content Creators",‎3.28 ounces,https://images-na.ssl-images-amazon.com/images/I/31o-EOXivUL.jpg,$6.23,,,,0
38,https://www.amazon.com/Transcend-External-Portable-ESD320A-TS1TESD320A/dp/B0CRZFKG8V,"Transcend 1TB External, Portable SSD ESD320A USB 10Gbps Type-A TS1TESD320A",‎TS1TESD320A,https://images-na.ssl-images-amazon.com/images/I/31a-4bHv9bL.jpg,$129.99,,,,0
39,https://www.amazon.com/Arch-Memory-Replacement-5SS0W79493-Desktop90RT/dp/B0CF3W5GWL,Arch Memory Replacement for Lenovo 5SS0W79493 1TB M.2 2280 PCIe (4.0 x4) NVMe Solid State Drive for Legion T5-26IOB6 Desktop90RT,‎LE1TBPCIeTZ23095,https://images-na.ssl-images-amazon.com/images/I/41JE6s-qg L.jpg,$106.95,,,,0
40,https://www.amazon.com/Seagate-FireCuda-Internal-Solid-State/dp/B0BX4HGFGV,"Seagate FireCuda 540 SSD 1TB Internal Solid State Drive - M.2 2280 PCIe Gen5, speeds up to 10,000MB/s and 2000TB TBW, with Rescue Services (ZP1000GM3A004)",‎ZP1000GM3A004,https://images-na.ssl-images-amazon.com/images/I/41G0DTejfRL.jpg,$169.99,,,4.8 out of 5 stars,11942
41,https://www.amazon.com/SAMSUNG-Shield-4TB-Portable-SSD/dp/B0BHZQGN26,"SAMSUNG T7 Shield 4TB Portable SSD - 1050MB/s, Rugged, Water & Dust Resistant, for Content Creators - Black",SAMSUNG,https://images-na.ssl-images-amazon.com/images/I/21mARCvUWxL.jpg,$248.98$215.90,,,4.7 out of 5 stars,10798
42,https://www.amazon.com/Upgrade-Heatsink-Replacement-4XF1C39743-ThinkCentre/dp/B0CBBB1WYB,New M.2 2280 SSD Upgrade Kit III Bracket + Heatsink Replacement for 4XF1C39743 ThinkCentre M90t M90s M80t M80s M70t M70s P360 9550 P348 P340 SFF TWR,‎ BestParts,https://images-na.ssl-images-amazon.com/images/I/41M18cAHiWL.jpg,$17.78,,,5.0 out of 5 stars,1
43,https://www.amazon.com/Samsung-970-EVO-Plus-MZ-V7S1T0B/dp/B07MFZY2F2,"SAMSUNG 970 EVO Plus SSD 1TB NVMe M.2 Internal Solid State Hard Drive, V-NAND Technology, Storage and Memory Expansion for Gaming, Graphics w/Heat Control, Max Speed, MZ-V7S1T0B/AM",‎Samsung 970 EVO Plus Series - 1TB PCIe NVMe,https://images-na.ssl-images-amazon.com/images/I/41ENqZ-6tPL.jpg,['12 options from $59.00'],,,4.8 out of 5 stars,56356
44,https://www.amazon.com/Oyen-Digital-USB-C-Camera-L1-C25-BK/dp/B08L8F93H5,"Oyen Digital Lync USB-C to SSD Camera Drive Dock, L1-C25-BK",‎L1-C25-BK,https://images-na.ssl-images-amazon.com/images/I/31aKR0V-mEL.jpg,$25.00,,,4.1 out of 5 stars,8
45,https://www.amazon.com/Western-Digital-Green-Internal-Solid/dp/B09JQMGHDW,"Western Digital 1TB WD Green Internal SSD Solid State Drive - SATA III 6 Gb/s, 2.5/7mm, Up to 545 MB/s - WDS100T3G0A",‎Green SATA SSD,https://images-na.ssl-images-amazon.com/images/I/31kFRC4fP6L.jpg,$69.98,,,4.7 out of 5 stars,15253
46,https://www.amazon.com/SAMSUNG-MZALQ512HALU-Lenovo-Laptop-Ultrabook/dp/B0BPF4KM68,SAMSUNG 512GB M.2 2242 42mm PM991 NVMe PCIe Gen 4 x4 TLC SSD (MZALQ512HALU) for Dell HP Lenovo Laptop Ultrabook Tablet - Internal Solid State Drive (OEM New),‎‎Samsung PM991 Series,https://images-na.ssl-images-amazon.com/images/I/41mjwv0jENL.jpg,$44.99,,,4.5 out of 5 stars,39
47,https://www.amazon.com/KingSpec-1TB-M-2-2242-PCIe/dp/B0CHW5HTY6,"KingSpec 1TB M.2 2242 PCIe 4.0 SSD - Read Speed up to 7400MB/s, NVMe Internal SSD 3D Gen4 NAND Flash, M2 for Laptop Desktop",‎XG7000,https://images-na.ssl-images-amazon.com/images/I/41IuQbjN9vL.jpg,$86.99,,,4.3 out of 5 stars,124
48,https://www.amazon.com/SanDisk-1TB-Extreme-Portable-SDSSDE81-1T00-G25/dp/B08GV9M64L,"SanDisk 1TB Extreme PRO Portable SSD - Up to 2000MB/s - USB-C, USB 3.2 Gen 2x2, IP65 Water and Dust Resistance, Updated Firmware - External Solid State Drive - SDSSDE81-1T00-G25",‎SanDisk Extreme PRO Portable SSD,https://images-na.ssl-images-amazon.com/images/I/41JL27fud1L.jpg,$121.39,,,4.3 out of 5 stars,11019
49,https://www.amazon.com/Vansuny-480GB-Internal-Advanced-Laptop/dp/B0BG73FKKJ,Vansuny 512GB SATA III SSD Internal Solid State Drive 2.5” Internal Drive Advanced 3D NAND Flash Up to 500MB/s SSD Hard Drive for PC Laptop,"‎PC, Linux, Mac",https://images-na.ssl-images-amazon.com/images/I/31ev4-XanDL.jpg,$30.99,,,4.4 out of 5 stars,553
50,https://www.amazon.com/SanDisk-Professional-PRO-Blade-Station-Thunderbolt/dp/B0CV8Q28RQ,SanDisk Professional 4 TB PRO-Blade Station - Powerful 4-Bay PRO-Blade SSD Mag Enclosure; Thunderbolt 3 and USB-C Bundle with SanDisk PRO-Blade SSD Mag 1TB (2 Items),B0CV8Q28RQ,https://images-na.ssl-images-amazon.com/images/I/31matRaKhJL.jpg,$879.95,,,,0
51,https://www.amazon.com/iDiskk-40Gbps-Professional-Aluminum-External/dp/B0CQYSL923,"iDiskk 40Gbps 1TB M.2 NVMe SSD Professional Sturdy USB-C Aluminum External Solid State Hard Drive - Up to 3000MB/s, Thunderbolt 3 (40Gbps), USB-C (10Gbps),Compatible with USB4/3.2/3.1/3.0/2.0",‎40GPS-1TB-SSD,https://images-na.ssl-images-amazon.com/images/I/51gwpodvOHL.jpg,$159.00,,,5.0 out of 5 stars,1
52,https://www.amazon.com/Hermitshell-Travel-Crucial-Portable-External/dp/B09QMCH3CN,Hermitshell Hard Travel Case for Crucial X6 500GB / 1TB / 2TB / 4TB Portable SSD External Solid State Drive,Hermitshell,https://images-na.ssl-images-amazon.com/images/I/41 JcnIJTdL.jpg,$12.99,,,4.0 out of 5 stars,16
53,https://www.amazon.com/Western-Digital-512GB-Gaming-Internal/dp/B0CKRX3WDH,"Western Digital 512GB Gaming Gen4 M.2 2280 PCIe NVMe Internal Solid State Drive (SSD) - Stream Deck, Laptop & Desktop Compatible",‎3.2 x 0.86 x 0.09 inches,https://images-na.ssl-images-amazon.com/images/I/31gEWNXHl8L.jpg,$39.19$38.41,,,,0
54,https://www.amazon.com/Homoyoyo-Enclosure-Portable-External-Aluminum/dp/B0CVFCS8DR,Homoyoyo HDD Enclosure Portable Hard Disk SSD Drive Hard Drive External Disk Drive External Hard Disk Drive Solid State Drive Small State Drive Number Storage Hard Disk Aluminum Alloy,‎External Solid State Drives,https://images-na.ssl-images-amazon.com/images/I/51D7pLp0bAL.jpg,$19.45,,,,0
55,https://www.amazon.com/Titanium-One-Portable-SSD-Performace/dp/B07F2JC7R8,Titanium One Portable External SSD 1TB USB 3.2 Gen 2 IP66 Water/Dust/Shock Proof for PC Laptop Mac Android Game Console TTOSSD1TB,‎Titanium One Portable,https://images-na.ssl-images-amazon.com/images/I/41OZIG7zrPL.jpg,$79.99,,,4.4 out of 5 stars,38
56,https://www.amazon.com/KingSpec-2280-Internal-Ultra-Slim-Notebook/dp/B0CB7YDP9J,"KingSpec M.2 SATA SSD, 2TB 2280 SATA III 6Gbps Internal M.2 SSD, Ultra-Slim NGFF State Drive for Desktop/Laptop/Notebook",‎NT-2TB 2280,https://images-na.ssl-images-amazon.com/images/I/51BZJTkmm6L.jpg,$102.99,,,4.5 out of 5 stars,1125
57,https://www.amazon.com/ELUTENG-Aluminum-PCI-Express-Expansion-Compatible/dp/B0C7PX25VR,ELUTENG NVMe PCIe 4.0 Adapter NVMe M.2 SSD to PCIe X4/X8/X16 Card with Aluminum Heat Sink M.2 to PCI-Express SSD Expansion Card Support 2230 2242 2260 2280 Compatible for Windows/Linux/Moc os,"‎Linux, Windows 7, Mac OS, Windows 10",https://images-na.ssl-images-amazon.com/images/I/51e U q3qPL.jpg,$7.98,,,4.3 out of 5 stars,41
58,https://www.amazon.com/822552-001-12Gbps-Systems-Tested-Warranty/dp/B0CP8D4NJC,"822552-001 - 400GB SSD, 2.5"" SAS 12Gbps Mixed use SFF, with Tray for G8, G9, G10 Series Systems. Fully Tested - Backed by One Year Warranty!",‎822552-001,https://images-na.ssl-images-amazon.com/images/I/41p ibUa4ML.jpg,$149.00,,,,0
59,https://www.amazon.com/SanDisk-SSD-PLUS-Internal-SDSSDA-1T00-G27/dp/B09NQJMW28,"SanDisk SSD PLUS 1TB Internal SSD - SATA III 6 Gb/s, 2.5""/7mm, Up to 535 MB/s - SDSSDA-1T00-G27",‎SanDisk SSD Plus Solid State Drive,https://images-na.ssl-images-amazon.com/images/I/31pNLBOfWhL.jpg,$64.99$64.99,,,4.7 out of 5 stars,2129
60,https://www.amazon.com/Crucial-Internal-Playstation-Compatible-CT1000T500SSD5/dp/B0CK2S298S,"Crucial T500 1TB Gen4 NVMe M.2 Internal Gaming SSD with Heatsink, Up to 7300MB/s, Playstation 5 Compatible + 1mo Adobe CC All Apps- CT1000T500SSD5",‎T500 Internal SSD,https://images-na.ssl-images-amazon.com/images/I/41TQjxgZzPL.jpg,$99.99,,,4.8 out of 5 stars,17487
61,https://www.amazon.com/SAMSUNG-PM991a-MZ9LQ1T0HBLB-Surface-Ultrabook/dp/B0B86JFXR2,SAMSUNG 1TB SSD M.2 2230 30mm PM991a NVMe PCIe Gen3 x4 MZ9LQ1T0HBLB Solid State Drive for Surface Pro Steam Deck Dell HP Lenovo Laptop Ultrabook Tablet,‎MZ9LQ1T0HBLB,https://images-na.ssl-images-amazon.com/images/I/31GI6x Hy8L.jpg,$93.95,,,4.7 out of 5 stars,33
62,https://www.amazon.com/DATO-Internal-Heatsink-Expansion-Consoles/dp/B0CJQZ4393,"DATO 1TB Internal SSD w/Heatsink for Gaming, ARES Dark Sword M.2 2280 PCIe Gen4x4 Solid State Drive, Up to 7200/6850 MB/s, Storage Expansion for Gaming Consoles - Black",‎Ares Dark Sword,https://images-na.ssl-images-amazon.com/images/I/31vWCf9FznL.jpg,$77.00,,,4.3 out of 5 stars,16
63,https://www.amazon.com/Kingston-240GB-Solid-SA400S37-240G/dp/B01N5IB20Q,"Kingston 240GB A400 SATA 3 2.5"" Internal SSD SA400S37/240G - HDD Replacement for Increase Performance",‎802.11a,https://images-na.ssl-images-amazon.com/images/I/414ttR4lUZL.jpg,$27.99,,,4.8 out of 5 stars,213096
64,https://www.amazon.com/ySky-Certified-External-Portable-Computer/dp/B0C492YC2P,"ySky Mfi Certified 1TB External SSD,Portable Solid State Drive for iPhone & iPad,MacBook,Windows Computer, Android Phones,Metal Design ssd Hard Drive to Backup Photo| Video | Music| File",‎ySky-SSD01-1T-Silver,https://images-na.ssl-images-amazon.com/images/I/417sw4uzXdL.jpg,$101.88,,,4.3 out of 5 stars,17
65,https://www.amazon.com/P04525-B21-400GB-12Gbps-Mixed-Systems-Tested/dp/B0CP88Z7RT,"P04525-B21-400GB SSD, 2.5"" SAS 12Gbps Mixed use SFF, with Tray for G8, G9, G10 Series Systems. Fully Tested - Backed by One Year Warranty!",‎P04525-B21,https://images-na.ssl-images-amazon.com/images/I/410eNXsNyTL.jpg,$149.00,,,,0
66,https://www.amazon.com/Western-Digital-SA510-Internal-Solid/dp/B09ZYQ84CM,"Western Digital 1TB WD Blue SA510 SATA Internal Solid State Drive SSD - SATA III 6 Gb/s, 2.5""/7mm, Up to 560 MB/s - WDS100T3B0A",‎Blue SA510 SATA SSD,https://images-na.ssl-images-amazon.com/images/I/317j0h53tCL.jpg,$78.29,,,4.3 out of 5 stars,5947
67,https://www.amazon.com/Fikwot-FN203-2TB-M-2-SATA/dp/B0CJ4JCMLG,"Fikwot FN203 2TB M.2 SATA SSD - SLC Cache 3D NAND TLC SATA III 6Gb/s M.2 2280 NGFF Internal Solid State Drive, Up to 550MB/s, Compatible with Ultrabooks, Tablet Computers and Mini PCs",‎2TB,https://images-na.ssl-images-amazon.com/images/I/41DI4-sAHQL.jpg,$112.99,,,4.5 out of 5 stars,1103
68,https://www.amazon.com/Gigastone-30-Pack-Internal-Upgrade-Storage/dp/B0CR5YTQR7,Gigastone SATA SSD 250GB 30-Pack SSD 2.5 inch 3D NAND Internal SSD SLC Cache Boost Speed 500MB/s Internal Solid State Drives Upgrade Storage for PC PS4 Laptop SSD 2.5” Hard Drives SATA III 6Gb/s,‎GS-SSD-250GB-30PK-B,https://images-na.ssl-images-amazon.com/images/I/51z-pC9QapL.jpg,$599.99,,,5.0 out of 5 stars,4
69,https://www.amazon.com/Alltravel-External-Bumper-Samsung-Portable/dp/B089N4DGW8,"Alltravel Silicone Bumper Sleeve for Samsung T7, T7 Touch Portable SSD - 1TB, 2TB, 500GB - USB 3.2 External Solid State Drives (Blue)",‎Samsung T5,https://images-na.ssl-images-amazon.com/images/I/4163JsHVDZL.jpg,$11.68$11.68,,,4.6 out of 5 stars,134
70,https://www.amazon.com/Silicon-Power-Portable-External-Connector/dp/B0C1ZLYVTP,Silicon Power 1TB PC60 Portable External Solid State Drive SSD USB 3.2 Gen 2 with USB Type A to Type C Connector,‎SP010TBPSDPC60CKTC,https://images-na.ssl-images-amazon.com/images/I/41uJsbMr- L.jpg,$69.99,,,4.4 out of 5 stars,1008
71,https://www.amazon.com/Micron-5400-Solid-State-Drive/dp/B0CNLBJBCT,Micron 5400 PRO 240 GB Solid State Drive - 2.5 Internal - SATA [SATA/600] - Read Intensive,‎14.25 x 6 x 5 inches,https://images-na.ssl-images-amazon.com/images/I/31mOUpZgnJL.jpg,$118.45,,,,0
72,https://www.amazon.com/Skyerd-256-Aluminum-Portable-Gen2%EF%BC%88USB-C/dp/B0CSB5DRWJ,"Skyerd M.2 NVMe PCIe 256 GB Aluminum Portable External SSD (SSD Included),USB3.1 Gen2（USB-C 10Gbps Up to 1050MB/s）, Adapter for Desktops, Laptops, Mac and More, Gray",Skyerd,https://images-na.ssl-images-amazon.com/images/I/413rlc9yefL.jpg,$199.00,,,,0
73,https://www.amazon.com/Kuesuny-128GB-Internal-Solid-State/dp/B09KC2MQK4,"Kuesuny 128GB M.2 2280 PCIe Gen 3X4 NGFF Internal SSD, Solid State Drive, Up to 2000MB/s for Latop and PC(128GB, M.2 2280)","‎PC, laptop, Mac",https://images-na.ssl-images-amazon.com/images/I/41ok3Ti5bmL.jpg,$16.98,,,4.7 out of 5 stars,37
74,https://www.amazon.com/Transcend-TS512GESD300P-External-Portable-Type-C/dp/B095WQ3KSD,"Transcend TS512GESD300P 512GB External, Portable, USB Type-C Solid State Drive, with Speeds up to 1,050MB/s",‎ESD300P,https://images-na.ssl-images-amazon.com/images/I/31BksxvmRlL.jpg,$46.81,,,4.1 out of 5 stars,23
75,https://www.amazon.com/Internal-Solid-Laptop-12-25Days-Dilivery/dp/B0CVFPX2LQ,2024 4TB SSD 990 PRO M2 2280 Nvme 4tTB Internal Solid State Disk SSD HDD for Laptop/PS5/PC (12-25Days Dilivery),‎ssd,https://images-na.ssl-images-amazon.com/images/I/31L6YdgdrTL.jpg,$120.99,,,,0
76,https://www.amazon.com/Western-Digital-SN570-Internal-Solid/dp/B09JM8DJNS,"Western Digital 2TB WD Blue SN570 NVMe Internal Solid State Drive SSD - Gen3 x4 PCIe 8Gb/s, M.2 2280, Up to 3,500 MB/s - WDS200T3B0C",Western Digital,https://images-na.ssl-images-amazon.com/images/I/31Fvvp0FmgL.jpg,$151.00,,,4.8 out of 5 stars,17331
77,https://www.amazon.com/SK-hynix-Windowsbased-Androidbased-Smartphones/dp/B0C4KNB2YK,"SK hynix 1TB Portable SSD - Up to 1050MB/s, USB 3.2, Compatible with Windows, Mac, Android - External Solid State Drive",‎SKHPU3-001T-S1CG00,https://images-na.ssl-images-amazon.com/images/I/41m34VWqqOL.jpg,$89.99,,,4.8 out of 5 stars,345
78,https://www.amazon.com/Vansuny-External-Portable-Solid-State/dp/B09SG7Z92R,"Vansuny External Portable Solid State Drive 500GB, Up to 430MB/s USB 3.1 External SSD USB A - Type C Compatible with Windows MAC Android Linux PS4 PS5 Retractable PSSD","‎PC, Mac",https://images-na.ssl-images-amazon.com/images/I/3119uw7wrWL.jpg,$39.99$39.99,,,4.3 out of 5 stars,368
79,https://www.amazon.com/Micron-512GB-Internal-Solid-State/dp/B09GTZ5XW1,"Micron 3400 512 GB Solid State Drive - M.2 2280 Internal - PCI Express NVMe (PCI Express NVMe 4.0), 0.9""x3.1""",‎3400,https://images-na.ssl-images-amazon.com/images/I/41zgPEAg2PL.jpg,$64.99$39.00,,,,0
80,https://www.amazon.com/Rise-Mode-Internal-Desktop-Laptop/dp/B0CRSRBGQ4,Rise Mode SSD Sata III 256GB Internal Solid State Drive Game Line Desktop PC or Laptop 2.5,‎Gamer Line,https://images-na.ssl-images-amazon.com/images/I/41InRimEbhL.jpg,$19.90,,,,0
81,https://www.amazon.com/Verbatim-256GB-Vi550-SATA-Internal/dp/B07LGBLBKB,"Verbatim 256GB Vi550 2.5"" Internal Solid State Drive SSD SATA III Interface with 3D NAND Technology","‎256GB Vi550 SATA III 2.5"" Internal SSD",https://images-na.ssl-images-amazon.com/images/I/41WlsrW7dpL.jpg,$22.87,,,4.6 out of 5 stars,2439
82,https://www.amazon.com/Kootion-External-500GB-Portable-High-Speed/dp/B07S4GXXMW,"KOOTION External SSD 500GB USB 3.1 Type-c Portable SSD High-Speed Solid State Drive Ultra-Slim, Read up to 500MB/s & Write up to 450MB/s",‎PX1pro-500G,https://images-na.ssl-images-amazon.com/images/I/31csRGkSqKL.jpg,$27.99,,,4.2 out of 5 stars,52
83,https://www.amazon.com/Hermitshell-Travel-Samsung-Portable-External/dp/B0C49CMN5L,"Hermitshell Hard Travel Case for Samsung T7 / T7 Touch Portable SSD 1TB 2TB 500GB USB 3.2 External Solid State Drive (Case for 3 Hard Drives, Black)",B0C49CMN5L,https://images-na.ssl-images-amazon.com/images/I/41rUI4QKYBL.jpg,$14.99,,,4.5 out of 5 stars,213
84,https://www.amazon.com/TEAMGROUP-AX2-Internal-Compatible-T253A3512G0C101/dp/B08CK7T9FG,TEAMGROUP AX2 512GB 3D NAND TLC 2.5 Inch SATA III Internal Solid State Drive SSD (Read Speed up to 540 MB/s) Compatible with Laptop & PC Desktop T253A3512G0C101,‎AX2 SSD,https://images-na.ssl-images-amazon.com/images/I/41p3ouVuLrL.jpg,$32.99,,,4.6 out of 5 stars,8963
85,https://www.amazon.com/TEAMGROUP-MP44L-Laptop-Desktop-TM8FPK001T0C101/dp/B0B9Y3DB2K,"TEAMGROUP MP44L 1TB SLC Cache NVMe 1.4 PCIe Gen 4x4 M.2 2280 Laptop&Desktop SSD (R/W Speed up to 5,000/4,500MB/s) TM8FPK001T0C101",‎MP44L,https://images-na.ssl-images-amazon.com/images/I/4180-qWGeXL.jpg,$64.99,,,4.6 out of 5 stars,5260
86,https://www.amazon.com/Netac-Portable-lighting-External-Essential/dp/B0CDFWXVWV,"Netac 500GB Portable SSD with RGB LED lighting USB 3.2 Gen 2 (10 Gbps, Type-C) External Solid State Drive Backup Slim Drive for File Storage/Business Travel Essential, Rapid Read & Write Low Noise, ZR",‎5.31 x 3.54 x 0.94 inches,https://images-na.ssl-images-amazon.com/images/I/31GrKIT6N2L.jpg,$54.99,,,4.0 out of 5 stars,12
87,https://www.amazon.com/Crucial-2TB-Portable-SSD-CT2000X9SSD902/dp/B0CGW18S6Y,"Crucial X9 2TB Portable SSD - Up to 1050MB/s Read - PC and Mac, Lightweight and Small with 3-Month Mylio Photos+ Offer - USB 3.2 External Solid State Drive - CT2000X9SSD902",‎Crucial X9 2TB Portable SSD,https://images-na.ssl-images-amazon.com/images/I/31IEL4CSSZL.jpg,$129.89,,,4.5 out of 5 stars,27442
88,https://www.amazon.com/GALIMU-SDDPNQD-256G-1006-Western-Digital-Internal/dp/B0CSNG5PCY,GALIMU SDDPNQD-256G-1006 Western Digital PC SN740 256GB M.2 PCI-e GEN 4X4 NVME SSD Internal Solid State Drive 80mm 2280 Form Factor M Key - Internal Solid State Drive (OEM),0.32 Ounces,https://images-na.ssl-images-amazon.com/images/I/51fXnvzkz6L.jpg,$28.99,,,,0
89,https://www.amazon.com/Skyerd-128-Aluminum-Portable-Gen2%EF%BC%88USB-C/dp/B0CS9VHW6T,"Skyerd M.2 NVMe PCIe 128 GB Aluminum Portable External SSD (SSD Included),USB3.1 Gen2（USB-C 10Gbps Up to 1050MB/s）, Adapter for Desktops, Laptops, Mac and More, Gray",Skyerd,https://images-na.ssl-images-amazon.com/images/I/413rlc9yefL.jpg,$149.00,,,,0
90,https://www.amazon.com/Western-Digital-Green-SN350-Internal/dp/B09DVRBNWV,"Western Digital 2TB WD Green SN350 NVMe Internal SSD Solid State Drive - Gen3 PCIe, QLC, M.2 2280, Up to 3,200 MB/s - WDS200T3G0C",‎SN350,https://images-na.ssl-images-amazon.com/images/I/31kB8DGcdPL.jpg,$109.99,,,4.7 out of 5 stars,8530
91,https://www.amazon.com/ADATA-850-LITE-Internal-Endurance/dp/B0BWFQGH31,"ADATA 1TB SSD Legend 850 LITE, NVMe PCIe Gen4 x 4 M.2 2280 Internal Solid State Drive, Speed up to 5,000MB/s, Storage for Gaming and PC Upgrades, High Endurance with 3D NAND",‎LEGEND,https://images-na.ssl-images-amazon.com/images/I/31-mmDK5YJL.jpg,$66.99,,,4.7 out of 5 stars,2112
92,https://www.amazon.com/Silicon-Power-Performance-Internal-SP002TBSS3A55S25/dp/B07Q37V1C9,"Silicon Power 2TB SSD 3D NAND A55 SLC Cache Performance Boost SATA III 2.5"" 7mm (0.28"") SSD Internal Solid State Drive (SP002TBSS3A55S25)",‎SP002TBSS3A55S25,https://images-na.ssl-images-amazon.com/images/I/411ovynDWcL.jpg,$99.99,,,4.5 out of 5 stars,8397
93,https://www.amazon.com/Transcend-External-Portable-ESD320A-TS2TESD320A/dp/B0CRZFX4J1,"Transcend 2TB External, Portable SSD ESD320A USB 10Gbps Type-A TS2TESD320A",‎TS2TESD320A,https://images-na.ssl-images-amazon.com/images/I/31 tkLidiDL.jpg,$177.99,,,,0
94,https://www.amazon.com/Electronics-Heatsink-Internal-Compatible-MZ-V8P1T0CW/dp/B09JHL33X7,"SAMSUNG 980 PRO SSD with Heatsink 1TB PCIe Gen 4 NVMe M.2 Internal Solid State Drive + 2mo Adobe CC Photography, Heat Control, Max Speed, PS5 Compatible (MZ-V8P1T0CW)",‎1TB,https://images-na.ssl-images-amazon.com/images/I/21sxKtDuaWL.jpg,$111.30,,,4.8 out of 5 stars,37736
95,https://www.amazon.com/Deal4GO-Mounting-Support-Bracket-Solid-State/dp/B08WLZ9LFY,Deal4GO M.2 SSD Hard Drive Mounting Support Bracket 2230/2280 Solid-State Drive Metal Holder for Dell G7 7500 7700 Gaming Laptop,"‎ March 3, 2021",https://images-na.ssl-images-amazon.com/images/I/31xl8iGkVKL.jpg,$8.99,,,4.6 out of 5 stars,44
96,https://www.amazon.com/Ediloca-EN600-PRO-Internal-Graphene/dp/B0C5D6C1YQ,"Ediloca EN600 PRO SSD 256GB PCle 3.0x4, NVMe M.2 2280, Up to 2800MB/s, Internal Solid State Drive, SLC Cache 3D NAND TLC, Graphene Cooling Sticker, Storage for PC, Desktop and Laptops",‎EN600 PRO,https://images-na.ssl-images-amazon.com/images/I/41Gvp-m qgL.jpg,$25.99,,,4.6 out of 5 stars,713
97,https://www.amazon.com/Redragon-RM510-Gaming-Internal-Hyper-Speed/dp/B0CJXV62QX,"Redragon RM510 1TB NVMe SSD, Gaming M.2 2280 Internal Solid State Drive w/Gen 4 PCIe 4.0 Form Factor, Up to 7,400/6,600 MB/s Hyper-Speed, for PC Laptop, PS5",‎RM510,https://images-na.ssl-images-amazon.com/images/I/31yn1gLoikL.jpg,$84.99,,,4.2 out of 5 stars,4
98,https://www.amazon.com/MSATA-SSD-SATA-Frame-Bracket/dp/B0CH9WTYV4,"MSATA SSD to 2.5"" SATA III with Frame Bracket - Retain mSATA SSD as 7mm 2.5"" SATA Drive",B0CH9WTYV4,https://images-na.ssl-images-amazon.com/images/I/41t2PKWErPL.jpg,$15.99,,,5.0 out of 5 stars,2
99,https://www.amazon.com/LinkMore-XG550-Internal-Laptop-Desktop/dp/B0CHV9B18R,"LinkMore XG550 1TB 2.5'' SATA III (6Gb/s) Internal SSD, Solid State Drive, Read Speed Up to 550MB/s, 2.5 inch for Laptop and PC Desktop",‎XG550,https://images-na.ssl-images-amazon.com/images/I/4166t-I0YiL.jpg,$59.99,,,4.3 out of 5 stars,120
100,https://www.amazon.com/SAMSUNG-Internal-Expansion-MZ-V9P2T0B-AM/dp/B0BHJJ9Y77,SAMSUNG 990 PRO Series - 2TB PCIe Gen4. X4 NVMe 2.0c - M.2 Internal SSD (MZ-V9P2T0B/AM),‎2TB,https://images-na.ssl-images-amazon.com/images/I/41lWVodJRAL.jpg,$169.99$156.39$169.99,,,4.8 out of 5 stars,5079
101,https://www.amazon.com/WD-2TB-Elements-Compatible-WDBAYN0020BBK-WESN/dp/B097TSN41S,"Western Digital 2TB Elements SE - Portable SSD, USB 3.0, Compatible with PC, Mac - WDBAYN0020BBK-WESN",‎WDBAYN0020BBK-WESN,https://images-na.ssl-images-amazon.com/images/I/21kMhWMtqYL.jpg,$129.99$107.27,,,4.7 out of 5 stars,267881
102,https://www.amazon.com/ARTIBETTER-Enclosure-Portable-Aluminum-External/dp/B0CVF21TBG,ARTIBETTER HDD Enclosure Solid State Drive SSD Portable Hard Disk Storage Hard Disk Digital Hard Drive Laptops Hard Drive Portable Hard Drive USB Hard Drive Aluminum Alloy External Data Line,‎External Solid State Drives,https://images-na.ssl-images-amazon.com/images/I/41s5jQ30xAL.jpg,$18.60,,,,0
103,https://www.amazon.com/Lexar-NS100-512GB-Solid-State-Drive/dp/B07TQSYBPH,"Lexar NS100 512GB 2.5” SATA III Internal SSD, Solid State Drive, Up to 550MB/s Read (LNS100-512RBNA)",‎LNS100-512AMZN,https://images-na.ssl-images-amazon.com/images/I/4175AZN37OL.jpg,$39.99$39.99,,,4.7 out of 5 stars,8429
104,https://www.amazon.com/1TB-2-5-SATA-SSD-WDS100T3B0A/dp/B0CLKWNZQL,", WD, 1TB, 2.5"", SATA, SSD, WDS100T3B0A",‎ノーブランド品,https://images-na.ssl-images-amazon.com/images/I/31F--gZkzqL.jpg,$124.99,,,,0
105,https://www.amazon.com/OWC-Complete-Enclosure-Compatible-2013-2017/dp/B0CTD3VVBD,"OWC 2.0TB Aura Pro X2 (Gen 4) Complete SSD Upgrade Solution with Tools Envoy Pro Enclosure Compatible with MacBook Air (Mid 2013-2017) and MacBook Pro (Retina, Late 2013 - Mid 2015)",‎Aura Pro X2,https://images-na.ssl-images-amazon.com/images/I/31CZ9K1mthL.jpg,$249.99,,,4.5 out of 5 stars,2573
106,https://www.amazon.com/KOOTION-Portable-Protective-Shockproof-Waterproof/dp/B0CPJ6NQJ9,KOOTION Portable SSD 1TB USB-C Up to 2000MB/s USB 3.2 External SSD USB 3.2 Gen 2x2 Portable Solid State Drive with Protective Case Shockproof Waterproof Type-C External Solid State Drive for PC/Mac,‎KT-X1max-1TB,https://images-na.ssl-images-amazon.com/images/I/21CwQTmIe6L.jpg,$89.99,,,,0
107,https://www.amazon.com/Crucial-MX500-NAND-SATA-Internal/dp/B078211KBB,"Crucial MX500 1TB 3D NAND SATA 2.5 Inch Internal SSD, up to 560MB/s - CT1000MX500SSD1",Crucial,https://images-na.ssl-images-amazon.com/images/I/510Soef4unL.jpg,$69.99,,,4.7 out of 5 stars,100755
108,https://www.amazon.com/Addlink-Internal-Creators-Dram-Less-ad1TBS93M2P/dp/B0CQBZ3PBJ,"Addlink S93 1TB PCIe 4.0 NVMe SSD M.2 2280 Internal Solid State Drive, Read Speed up to 7200 MB/s, Gaming SSD, for Gamers and Creators- Dram-Less SLC Cache SSD (ad1TBS93M2P)",‎1.34 ounces,https://images-na.ssl-images-amazon.com/images/I/311-YfjR9QL.jpg,$77.44,,,4.7 out of 5 stars,1815
109,https://www.amazon.com/Crucial-NAND-NVMe-PCIe-2400MB/dp/B089DNM8LR,Crucial P2 1TB 3D NAND NVMe PCIe M.2 SSD Up to 2400MB/s - CT1000P2SSD8,‎Crucial P2 SSD,https://images-na.ssl-images-amazon.com/images/I/41QLjrxhpoL.jpg,['1 option from $69.99'],,,4.7 out of 5 stars,38922
110,https://www.amazon.com/Portable-External-Hard-Drive-Desktop/dp/B0CFJKY3SW,Portable External Hard Drive for Desktop PC - 128G Solid State Drives Metal External Drive HDD External Hard Disk SSD Hard Drive Backup Drive,‎Internal Hard Drives,https://images-na.ssl-images-amazon.com/images/I/51tWNHQE0uL.jpg,$21.69,,,1.0 out of 5 stars,2
111,https://www.amazon.com/RENICE-Speed-USB-High-Speed-Fingerprint-Encryption/dp/B0CQ4CJQK3,"RENICE 512GB Portable External SSD -up to 1000MB/s Transfer Speed-USB Type-C,USB3.2,Ultra High-Speed Fingerprint Encryption External Solid State Drive-for Windows | Computer | Android Phone",‎SSD-01,https://images-na.ssl-images-amazon.com/images/I/310Gy6jW32L.jpg,$112.99,,,4.2 out of 5 stars,10
112,https://www.amazon.com/Dell-512GB-SNP112P-512G-AA618641/dp/B0BZDVQRHS,Dell SSD 512GB Class 40 M.2 2280 NVMe PCIe 3.0 Gen 3x4 Solid State Drive SNP112P/512G AA618641,‎SNP112P/512G,https://images-na.ssl-images-amazon.com/images/I/311Tte47LYL.jpg,$118.99,,,5.0 out of 5 stars,4
113,https://www.amazon.com/SanDisk-1TB-Portable-SSD-SDSSDE30-1T00-G26/dp/B0C5JQ68FY,"SanDisk 1TB Portable SSD - Up to 800MB/s, USB-C, USB 3.2 Gen 2, Updated Firmware - External Solid State Drive - SDSSDE30-1T00-G26",‎SanDisk Portable SSD,https://images-na.ssl-images-amazon.com/images/I/41-T4nAAufL.jpg,$79.99$69.78$79.99,,,4.6 out of 5 stars,9796
114,https://www.amazon.com/KingSpec-Gen3x4-2280-Internal-Desktop/dp/B0CP9CXCXG,"KingSpec NX Series 1TB Gen3x4 NVMe M.2 SSD, Up to 3500MB/s, 3D NAND Flash M2 2280 Internal Solid State Drive, for Desktop and Laptop",‎NX Series,https://images-na.ssl-images-amazon.com/images/I/31E9vSUUexL.jpg,$58.99,,,4.6 out of 5 stars,63
115,https://www.amazon.com/Patriot-Burst-Elite-240GB-Solid/dp/B08LK8ZYJ1,Patriot Memory Burst Elite SATA 3 240GB SSD 2.5 Inch Solid State Drive,‎PBE240GS25SSDR,https://images-na.ssl-images-amazon.com/images/I/41RD4UjHoqL.jpg,['2 options from $56.99'],,,4.5 out of 5 stars,2470
116,https://www.amazon.com/innodisk-DEMSR-B56M41BC1DC-mSATA-Industrial-Standard/dp/B0CKWM2FN5,".innodisk. DEMSR-B56M41BC1DC, SSD, mSATA 3ME4, 15nm(Industrial, Standard Grade, 0 to 70°C) - 256GB mSATA 3ME4 MLC",‎DEMSR-B56M41BC1DC/unit1,https://images-na.ssl-images-amazon.com/images/I/41XNqv751LL.jpg,$649.99,,,,0
117,https://www.amazon.com/Transcend-Solid-State-Drive-TS120GSSD220S/dp/B01FYD9SKU,"Transcend 120 GB TLC SATA III 6Gb/s 2.5"" Solid State Drive (TS120GSSD220S)",‎SSD220S,https://images-na.ssl-images-amazon.com/images/I/41fWj S3O5L.jpg,$22.44,,,4.6 out of 5 stars,3045
118,https://www.amazon.com/Western-Digital-SA510-Internal-Solid/dp/B0CFLSHNL3,"Western Digital 2TB WD Blue SA510 SATA Internal Solid State Drive SSD - SATA III 6 Gb/s, M.2 2280, Up to 560 MB/s - WDS200T3B0B",‎SA510,https://images-na.ssl-images-amazon.com/images/I/3127OjxAEiL.jpg,$126.15,,,4.7 out of 5 stars,25604
119,https://www.amazon.com/External-Drive-Laptop-Storage-Solution/dp/B0CV51VDY7,"External Ssd Hard Drive, 2.5 Ssd External Hard Drive, 4tb Laptop Ssd External Drive, 3.0 USB External Hard Drive, Ssd Storage Solution Drive, 5gbps Data Speed External Drive for Pc Laptop",‎3.28 ounces,https://images-na.ssl-images-amazon.com/images/I/31WA4tl GIL.jpg,$8.94,,,,0
120,https://www.amazon.com/Lexar-Internal-Compatible-Creators-LNM790X001T-RNNNU/dp/B0C9213GBX,"Lexar NM790 SSD 1TB PCIe Gen4 NVMe M.2 2280 Internal Solid State Drive, Up to 7400MB/s, Compatible with PS5, for Gamers and Creators (LNM790X001T-RNNNU)",‎NM790,https://images-na.ssl-images-amazon.com/images/I/410m8y 8sIL.jpg,$69.99$69.99,,,4.8 out of 5 stars,808
121,https://www.amazon.com/SAMSUNG-Portable-SSD-1TB-MU-PC1T0T/dp/B0874XN4D8,"SAMSUNG SSD T7 Portable External Solid State Drive 1TB, Up to USB 3.2 Gen 2, Reliable Storage for Gaming, Students, Professionals, MU-PC1T0T/AM, Gray",SAMSUNG,https://images-na.ssl-images-amazon.com/images/I/31LdvAbumfL.jpg,$89.99,,,4.8 out of 5 stars,30585
122,https://www.amazon.com/KOOTION-Portable-External-Protective-Shockproof/dp/B0CPJCPJXF,"KOOTION 512GB Portable SSD USB 3.2 External SSD USB-C Up to 2000MB/s USB 3.2 Gen 2x2 Portable Solid State Drive with Protective Case Shockproof Type-C External Solid State Drive, Orange",‎X1max-512G,https://images-na.ssl-images-amazon.com/images/I/21CwQTmIe6L.jpg,$52.99,,,,0
123,https://www.amazon.com/Crucial-Plus-PCIe-NAND-5000MB/dp/B0B25M8FXX,"Crucial P3 Plus 4TB PCIe Gen4 3D NAND NVMe M.2 SSD, up to 5000MB/s - CT4000P3PSSD8",‎Crucial P3 Plus NVMe SSD,https://images-na.ssl-images-amazon.com/images/I/31nXTKlKQYL.jpg,$234.99$234.99,,,4.7 out of 5 stars,12560
124,https://www.amazon.com/Western-Digital-Gamer-Gaming-Internal/dp/B0C82MGNPS,Western Digital OEM Gamer 256GB M.2 2280 Gaming Gen4 PCIe NVMe Internal Solid State Drive (SSD),‎MSSD-0126-SDDQNQD-256G,https://images-na.ssl-images-amazon.com/images/I/41oGvLAOTZL.jpg,$21.86,,,5.0 out of 5 stars,1
125,https://www.amazon.com/NEMIX-RAM-Cache-Compatible-TS-H1277AXU-RP/dp/B0CPGKGBSW,NEMIX RAM 2TB M.2 2280 Gen4 PCIe NVMe SSD Cache Drive Compatible with The QNAP TS-H1277AXU-RP NAS,‎2 ounces,https://images-na.ssl-images-amazon.com/images/I/3168SwNd50L.jpg,$159.88,,,,0
126,https://www.amazon.com/SAMSUNG-Portable-Professionals-MU-PG4T0B-AM/dp/B0CHFSZX9W,"SAMSUNG T9 Portable SSD 4TB, USB 3.2 Gen 2x2 External Solid State Drive, Seq. Read Speeds Up to 2,000MB/s for Gaming, Students and Professionals,MU-PG4T0B/AM, Black",‎T9,https://images-na.ssl-images-amazon.com/images/I/41JHNVamFwL.jpg,$299.99,,,4.7 out of 5 stars,271
127,https://www.amazon.com/fanxiang-S660-500GB-Internal-Solid/dp/B0BNQBD46W,"fanxiang S660 PCIe 4.0 500GB NVMe M.2 SSD for PS5 with Heatsink, Up to 5000MB/s, Suitable for Playstation 5 Enthusiasts, Technology Enthusiasts, IT Professionals",‎S660,https://images-na.ssl-images-amazon.com/images/I/31kHOUDza5L.jpg,$42.99,,,4.6 out of 5 stars,4003
128,https://www.amazon.com/Hynix-256GB-PC611-HFS256GD9TNI-Solid/dp/B08K7JBQMW,Hynix SK SSD 256GB PC611 M.2 2280 PCIe Gen3 x4 NVMe HFS256GD9TNI Solid State Drive,‎HFS256GD9TNI PC611,https://images-na.ssl-images-amazon.com/images/I/411WNxfsFmL.jpg,$29.99$25.00,,,4.3 out of 5 stars,41
129,https://www.amazon.com/MZILT1T9HAJQ-00AC3-Compatible-Replacement-Samsung-MZ-ILT1T9A/dp/B0CTHSD55Y,Solid State Drive MZILT1T9HAJQ-00AC3 Compatible Replacement Spare Part for Dell Samsung PM1643 MZ-ILT1T9A 1.92TB 2.5 inch TLC SAS 12.0Gb/s SSD,2 Pounds,https://images-na.ssl-images-amazon.com/images/I/319v3WtghgL.jpg,$189.74,,,,0
130,https://www.amazon.com/Kootion-External-250GB-Portable-High-Speed/dp/B07RX2B143,"KOOTION External SSD 250GB Portable SSD High-Speed Solid State Drive, Read up to 500MB/s & Write up to 450MB/s",‎PX1pro-240G,https://images-na.ssl-images-amazon.com/images/I/31csRGkSqKL.jpg,$27.99,,,4.2 out of 5 stars,52
131,https://www.amazon.com/PartEGG-PXNWV-Support-Replacement-Inspiron/dp/B0B4JDQ8WX,PartEGG PXNWV M.2 SSD Support Bracket Replacement for Dell Inspiron 5401 5405 5408 5488 5501 5505 5508 5580 7370 7373 7380,"‎ June 7, 2020",https://images-na.ssl-images-amazon.com/images/I/41S4C1WkKGL.jpg,$5.95,,,,0
132,https://www.amazon.com/innodisk-DGS25-01TD81BCAQC-3MG2-P-Industrial-Standard/dp/B0CS4YBHJ7,".innodisk. DGS25-01TD81BCAQC, 2.5"" SATA SSD 3MG2-P, 15nm (High IOPS, Industrial, Standard Grade, 0°C ~ +70°C) - 1TB 2.5"" SATA SSD 3MG2-P MLC",6.99 Pounds,https://images-na.ssl-images-amazon.com/images/I/21zjYTdjsOL.jpg,"$2,799.99",,,,0
133,https://www.amazon.com/TECMIYO-Compatible-Internal-Graphene-Cooling/dp/B0CGRMZGPT,"TECMIYO 512GB NVMe Gen4 Gaming SSD, M.2 2280, Compatible with PS5, PCIe 4.0 Internal PC Solid State Hard Drive Up to 7000MB/s,with Graphene Cooling Sticker",‎3.84 ounces,https://images-na.ssl-images-amazon.com/images/I/315xAoHVW L.jpg,$47.77,,,4.6 out of 5 stars,21
134,https://www.amazon.com/SanDisk-Extreme-Portable-Type-C-External/dp/B0CT55CCMZ,"SanDisk Extreme PRO Portable 1TB USB 3.2 Gen 2 Type-C External SSD V2, 2-Pack",0.76 Pounds,https://images-na.ssl-images-amazon.com/images/I/41ebkx72loL.jpg,$629.98,,,,0
135,https://www.amazon.com/SSK-Super-Fast-Transfer-Adapter-Smartphone/dp/B09KG6QTYP,"SSK 1TB USB SSD Solid State Flash Drive 550MB/s Super-Fast Transfer Speed USB 3.2 Gen2 Thumb(Jump) Drive Memory Stick + USB C Adapter for Type-c Smartphone, Laptop, MacBook/Pro/Air and More",‎SSK extreme pro,https://images-na.ssl-images-amazon.com/images/I/31ho05UVjzL.jpg,$71.99,,,4.4 out of 5 stars,425
136,https://www.amazon.com/UnionSine-Portable-External-Storage-Compatible/dp/B091FV14V9,"UnionSine 1TB Ultra Slim Portable External Hard Drive HDD-USB 3.0 for PC, Mac, Laptop, PS4, Xbox one,Xbox 360-Super Fast Transmission-HD-2510(Black)",UnionSine,https://images-na.ssl-images-amazon.com/images/I/41Tqk6jRhIL.jpg,$52.79,,,4.5 out of 5 stars,31163
137,https://www.amazon.com/GALIMU-M54700-002-Western-Digital-Internal/dp/B0CSNLBM32,"GALIMU M54700-002 Western Digital PC SN810 512GB Gaming Gen4 M.2 2280 PCIe NVMe Internal Solid State Drive (SSD) - Stream Deck, Laptop & Desktop Compatible - Internal Solid State Drive (OEM New)",‎0.32 ounces,https://images-na.ssl-images-amazon.com/images/I/61Vzemehe8L.jpg,$55.99$39.99,,,,0
138,https://www.amazon.com/Transcend-External-Portable-Certified-TS1TESD410C/dp/B0CRZBZHC1,"Transcend 1TB External, Portable, Military Drop Test Certified SSD, ESD410C, USB 20Gbps, Type C TS1TESD410C",‎TS1TESD410C,https://images-na.ssl-images-amazon.com/images/I/31vHJFebjCL.jpg,$111.24,,,,0
139,https://www.amazon.com/H79703-004-Compatible-Replacement-SSDPEDMX012T7-Internal/dp/B0CHYZWYPJ,Solid State Drive H79703-004 Compatible Replacement Spare Part for Intel DC P3520 SSDPEDMX012T7 1.2TB HH-HL MLC NVMe PCI Express 3.0 x4 Internal SSD,‎SSDPEDMX012T7,https://images-na.ssl-images-amazon.com/images/I/31xFObIE32L.jpg,$126.49,,,,0
140,https://www.amazon.com/KOWIN-512GB-Internal-Compatible-Laptop/dp/B0CRQY4SMQ,"KOWIN SSD 512GB SATA III 6Gb/s M.2 2280 Internal Solid State Drive, Read/Write Speed up to 520/515 MB/s, Compatible with Laptop and PC",‎0.634 ounces,https://images-na.ssl-images-amazon.com/images/I/51MMExSnqlL.jpg,$30.99,,,,0
141,https://www.amazon.com/Transcend-TS1TESD300P-External-Portable-Type-C/dp/B0CKT511X9,"Transcend TS1TESD300P 1TB External, Portable, USB Type-C Solid State Drive, with Speeds up to 1,050MB/s",‎ESD300P,https://images-na.ssl-images-amazon.com/images/I/31W0DVDGjUL.jpg,$84.28,,,4.1 out of 5 stars,23
142,https://www.amazon.com/Patriot-Memory-Viper-VP4000-Mini/dp/B0CNNGX7FW,Patriot Memory Viper VP4000 Mini 1TB M.2 2230 PCIe Gen4 x4 SSD - Solid State Drive - VP4000M1TBM23,‎VP4000M1TBM23,https://images-na.ssl-images-amazon.com/images/I/31-xOSBUkKL.jpg,$99.99,,,,0
143,https://www.amazon.com/SAMSUNG-MZ-77Q4T0BW-Samsung-DIY/dp/B08FJCQX5V,Samsung 870 QVO 4TB Internal SATA SSD 6.35 cm (2.5 Inch) SATA 6 Gb/s Retail MZ-77Q4T0BW,‎MZ-77Q4T0BW,https://images-na.ssl-images-amazon.com/images/I/31-m QrrT7L.jpg,$315.00,,,4.2 out of 5 stars,18
144,https://www.amazon.com/Samsung-PM9B1-256GB-Internal-Factor/dp/B0CN1RV9TF,OEM Samsung PM9B1 256GB M.2 PCI-e NVME SSD Internal Solid State Drive 30mm 2230 Form Factor M Key Steam Deck,‎0.317 ounces,https://images-na.ssl-images-amazon.com/images/I/416dY3QBJuL.jpg,$19.95,,,4.7 out of 5 stars,120
145,https://www.amazon.com/TEAMGROUP-T-Force-Vulcan-Internal-T253TZ001T0C101/dp/B09WMP5B5N,TEAMGROUP T-Force Vulcan Z 1TB SLC Cache 3D NAND TLC 2.5 Inch SATA III Internal Solid State Drive SSD (R/W Speed up to 550/500 MB/s) T253TZ001T0C101,TEAMGROUP,https://images-na.ssl-images-amazon.com/images/I/41E Trk fdL.jpg,$61.99,,,4.7 out of 5 stars,3880
146,https://www.amazon.com/KingSpec-Z5-512GB-Portable-External/dp/B0CLV9GG54,"KingSpec Z5 512GB Portable External SSD with RGB Light - up to 2100MB/s, Zinc Alloy Case, USB 3.2 Gen2x2 Interface, Extreme Solid State Hard Drives, Compatible with Mobile Phone/PS4/Laptop/TV/PC",‎Z5,https://images-na.ssl-images-amazon.com/images/I/31a33qlUGuL.jpg,$55.99,,,4.7 out of 5 stars,27
147,https://www.amazon.com/LQH-TECH-Portable-High-Speed-Transmission/dp/B0BQZHDGGW,"LQH TECH Portable Solid State Drive 512 GB PRO Edition. External USB 3.1 Hard Drive High-Speed Transmission External Hard Disk, SSD,Up to 600MB/s Read, 500MB/s Write",‎Mac,https://images-na.ssl-images-amazon.com/images/I/41mvVhxAWqL.jpg,$54.99,,,4.2 out of 5 stars,69
148,https://www.amazon.com/Kingston-Renegade-Internal-SFYRS-1000G/dp/B09K3H2YHX,"Kingston FURY Renegade 1TB PCIe Gen 4.0 NVMe M.2 Internal Gaming SSD | Up to 7300 MB/s | Graphene Heat Spreader | 3D TLC NAND | Works with PS5 | SFYRS/1000G, Solid State Drive",‎SFYRS/1000G,https://images-na.ssl-images-amazon.com/images/I/410LOzZdkhL.jpg,$108.98,,,4.8 out of 5 stars,2771
149,https://www.amazon.com/WD_BLACK-SN770-Internal-Gaming-Solid/dp/B09QV5KJHV,"Western Digital WD_BLACK 2TB SN770 NVMe Internal Gaming SSD Solid State Drive - Gen4 PCIe, M.2 2280, Up to 5,150 MB/s - WDS200T3X0E",‎SN770,https://images-na.ssl-images-amazon.com/images/I/310UZVOtlfL.jpg,$130.37,,,4.8 out of 5 stars,13153
150,https://www.amazon.com/PNY-CS900-500GB-Internal-Solid/dp/B07XZLN9KM,"PNY CS900 500GB 3D NAND 2.5"" SATA III Internal Solid State Drive (SSD) - (SSD7CS900-500-RB)",‎SSD7CS900-500-RB,https://images-na.ssl-images-amazon.com/images/I/51LUz0ADSRL.jpg,['2 options from $319.35'],,,4.7 out of 5 stars,19931
151,https://www.amazon.com/Silicon-Power-Cache-Internal-SU001TBSS3A55S25AC/dp/B0CND3NPCM,Silicon Power 1TB SSD 3D NAND A55 SLC Cache 2.5 Inch SATA III SSD Internal Solid State Drive (SU001TBSS3A55S25AC),‎SU001TBSS3A55S25AC,https://images-na.ssl-images-amazon.com/images/I/41nT4q9o2UL.jpg,$58.99,,,5.0 out of 5 stars,2
152,https://www.amazon.com/INLAND-Internal-Solid-State-Drive/dp/B0C9F2QFJ5,"INLAND M.2 2242 1TB SSD NVMe PCIe Gen 3x4 Internal Solid State Drive 3D NAND TLC Read/Write Speed Up to 2,400/2,100 MB/s",‎TN325,https://images-na.ssl-images-amazon.com/images/I/51tgoDvYWgL.jpg,$82.99,,,4.7 out of 5 stars,761
153,https://www.amazon.com/WD_BLACK-SN850X-Internal-Gaming-Solid/dp/B0B7CMZ3QH,"WD_BLACK 2TB SN850X NVMe Internal Gaming SSD Solid State Drive - Gen4 PCIe, M.2 2280, Up to 7,300 MB/s - WDS200T2X0E",‎SN850X,https://images-na.ssl-images-amazon.com/images/I/31QT5NHR58L.jpg,$151.99,,,4.8 out of 5 stars,15228
154,https://www.amazon.com/XS3200ME70114-12Gbps-Intensive-2-5-inch-Internal/dp/B0CVF7BKJP,XS3200ME70114 Nytro 3032 3.2TB eTLC SAS 12Gbps Write Intensive 2.5-inch Internal Solid State Drive (SSD),‎XS3200ME70114,https://images-na.ssl-images-amazon.com/images/I/41Fj3XJWREL.jpg,,,,,0
155,https://www.amazon.com/FMB-I-Compatible-KXG60ZNV256G-Replacement-XPS9575-7354BLK-PUS/dp/B07WZQDGC6,FMB-I Compatible with KXG60ZNV256G Replacement for Toshiba 256GB SSD NVMe PCIe Solid State Drive XPS9575-7354BLK-PUS,Black,https://images-na.ssl-images-amazon.com/images/I/41rvuPaplHL.jpg,$24.99,,,,0
156,https://www.amazon.com/Western-Digital-SN580-Internal-Solid/dp/B0C8XMH264,"Western Digital 1TB WD Blue SN580 NVMe Internal Solid State Drive SSD - Gen4 x4 PCIe 16Gb/s, M.2 2280, Up to 4,150 MB/s - WDS100T3B0E",‎SN580,https://images-na.ssl-images-amazon.com/images/I/31JFe-MDjoL.jpg,$71.76,,,4.8 out of 5 stars,518
157,https://www.amazon.com/HP-Portable-External-1F5P4AA-ABC/dp/B08DDJZP3N,"HP P500 Portable SSD 1TB - USB 3.2 Gen 1 Type C, USB- External Solid State Hard Drive - Up to 420MB/s, Black - 1F5P4AA#ABC",‎P500,https://images-na.ssl-images-amazon.com/images/I/21m1O zJQyL.jpg,$69.99,,,4.1 out of 5 stars,964
158,https://www.amazon.com/Bliksem-512gb-2-5%E2%80%B37mm-Internal-Solid/dp/B09WDK2XN3,Bliksem SSD 512GB SATA III 6Gb/s Internal Solid State Drive 2.5″ 7mm(0.28″) 3D NAND TLC Chip Up to 550 Mb/s for Laptop and Pc KD650 (Black 512GB),‎KD650,https://images-na.ssl-images-amazon.com/images/I/41W3crSShaL.jpg,$13.99,,,4.2 out of 5 stars,2364
159,https://www.amazon.com/Kanguru-UltraLock-U3-2HDWP-1TS-External-Solid/dp/B074TV1L9D,"Kanguru UltraLock U3-2HDWP-1TS 1 TB 2.5"" External Solid State Drive - TAA Compliant",‎11.2 ounces,https://images-na.ssl-images-amazon.com/images/I/31C4BpEVh9L.jpg,$149.49,,,,0
160,https://www.amazon.com/Transcend-Type-C-ESD370C-Portable-TS1TESD370C/dp/B08P9MSSZP,"Transcend TS1TESD370C 1TB USB 3.1 Gen 2 USB Type-C ESD370C Portable, Rugged Solid State Drive",Transcend,https://images-na.ssl-images-amazon.com/images/I/31rD8tp9AHL.jpg,$84.99,,,4.5 out of 5 stars,67
161,https://www.amazon.com/NEMIX-RAM-7415mbps-Compatible-Inspirion/dp/B0CMR2HYPJ,NEMIX RAM Nemesis Series 1TB M.2 2280 Gen4 PCIe NVMe SSD Write Speeds up to 7415mbps Compatible with Dell Inspirion Laptops & Dell Inspirion 2-in-1,‎NMS-M2G4N-1TB,https://images-na.ssl-images-amazon.com/images/I/31HlQlv9TOL.jpg,$89.99,,,,0
162,https://www.amazon.com/WD_BLACK-Handheld-Devices-Microsoft-Surface/dp/B0CHJXHVZM,"WD_BLACK 1TB SN770M M.2 2230 NVMe SSD for Handheld Gaming Devices, Speeds up to 5,150MB/s, TLC 3D NAND, Great for Steam Deck and Microsoft Surface - WDBDNH0010BBK-WRSN",‎WD_BLACK SN770M NVMe SSD,https://images-na.ssl-images-amazon.com/images/I/41ayTBs7zXL.jpg,$109.99,,,5.0 out of 5 stars,13
163,https://www.amazon.com/JOIOT-Portable-External-Ultra-Light-Windows/dp/B08CV5GTMS,"JOIOT 250GB Portable External SSD,Portable SSD USB 3.1 Type C Ultra-Light External Solid State Drive, Mini Portable Solid State Drive for Mac Windows Android Linux(250GB)",‎X4-Black-250G,https://images-na.ssl-images-amazon.com/images/I/31Zx8cvMNjL.jpg,$34.99,,,4.2 out of 5 stars,603
164,https://www.amazon.com/Lenovo-Solid-State-Drive-4XB1D04758/dp/B0CL3HDRD7,Lenovo SSD 2TB M.2 2280 PCIe 4.0 Gen 4x4 NVMe Solid State Drive 4XB1D04758,‎Lenovo 4XB1D04758,https://images-na.ssl-images-amazon.com/images/I/318545OOWBL.jpg,$234.00,,,,0
165,https://www.amazon.com/SanDisk-Ultra-NAND-Internal-%E2%80%8ESDSSDH3-1T00-G26/dp/B0B7VM4SRX,"SanDisk Ultra 3D NAND 1TB Internal SSD - SATA III 6 Gb/s, 2.5 Inch /7 mm, Up to 560 MB/s - ‎SDSSDH3-1T00-G26",‎SanDisk Ultra 3D Internal SSD,https://images-na.ssl-images-amazon.com/images/I/31MaiegKRWL.jpg,$79.99,,,4.7 out of 5 stars,34839
166,https://www.amazon.com/Transcend-External-Portable-Certified-TS4TESD360C/dp/B0CRZD769W,"Transcend 4TB External, Portable, Military Drop Test Certified SSD ESD360C USB 20Gbps Type C TS4TESD360C",‎TS4TESD360C,https://images-na.ssl-images-amazon.com/images/I/31YcMmWajrL.jpg,$381.63,,,,0
167,https://www.amazon.com/AGI-AI218-Internal-Cache-Gen3x4/dp/B0CRR3XKYS,"AGI 4TB AI218 Internal SSD, DRAM Cache PCIe NVMe M.2 Gen3x4, 3D TLC NAND Flash Internal Solid State Drive SSD with Heat Sink (R/W Speed up to 3700/2950 MBs)",‎AGI4T0G38AI218,https://images-na.ssl-images-amazon.com/images/I/41jHnfJYBQL.jpg,$229.99,,,,0
168,https://www.amazon.com/SanDisk-2TB-Extreme-Portable-SDSSDE61-2T00-G25/dp/B08HN37XC1,"SanDisk 2TB Extreme Portable SSD - Up to 1050MB/s, USB-C, USB 3.2 Gen 2, IP65 Water and Dust Resistance, Updated Firmware - External Solid State Drive - SDSSDE61-2T00-G25",‎Extreme Portable SSD,https://images-na.ssl-images-amazon.com/images/I/41PCxZ6ZmuL.jpg,$155.99$130.38,,,4.6 out of 5 stars,56578
169,https://www.amazon.com/ORICO-256GB-Portable-SSD-External/dp/B0B1HLJ6LC,"ORICO 256GB Portable SSD - Up to 550MB/s - USB-C, USB 3.1 Gen 1- External Solid State Drive - PSSD with UASP- SUPRE",‎7.4 ounces,https://images-na.ssl-images-amazon.com/images/I/41mLWy8IRJL.jpg,$59.99,,,5.0 out of 5 stars,1
170,https://www.amazon.com/Kingston-Digital-2-5-Inch-SUV400S37-240G/dp/B01FJ4UL2S,Kingston Digital SSDNow UV400 240GB 2.5-Inch SATA III SSD (SUV400S37/240G),Kingston Digital,https://images-na.ssl-images-amazon.com/images/I/41gu8VhH6iL.jpg,,,,4.7 out of 5 stars,5248
171,https://www.amazon.com/120GB-Internal-Laptop-Somnambulist-Dragon/dp/B0B25CQKTB,Somnambulist SSD 120GB SATA III 6Gb/s 2.5″ 7mm(0.28″) Internal Solid State Drive Read Speed Up to 550Mb/s for Laptop and Pc H650 SSD (120GB Black Dragon),‎H650,https://images-na.ssl-images-amazon.com/images/I/41O8LJVN6BL.jpg,$13.49,,,4.3 out of 5 stars,1280
172,https://www.amazon.com/SAMSUNG-Internal-Expansion-MZ-V9P1T0B-AM/dp/B0BHJF2VRN,SAMSUNG 990 PRO Series - 1TB PCIe Gen4. X4 NVMe 2.0c - M.2 Internal SSD (MZ-V9P1T0B/AM),‎1TB,https://images-na.ssl-images-amazon.com/images/I/41LriB3kSfL.jpg,$108.10,,,4.8 out of 5 stars,5079
173,https://www.amazon.com/Inland-Professional-240GB-Internal-3x240GB/dp/B07T2MGZ8L,"INLAND Professional 3 Pack 240GB SSD 3D NAND SATA III 6Gb/s 2.5"" 7mm Internal Solid State Drive (3x240GB)","‎PC, laptop",https://images-na.ssl-images-amazon.com/images/I/51CGi3wvOJL.jpg,$63.98$63.98,,,4.6 out of 5 stars,4608
174,https://www.amazon.com/MZ-JPV256S-256GB-Express-Internal-MacBook/dp/B0CVF6FLZ5,MZ-JPV256S 256GB MLC PCI Express 3.0 x4 M.2 2280 Internal Solid State Drive (SSD) for MacBook,‎Generic Original,https://images-na.ssl-images-amazon.com/images/I/314iwccgOaL.jpg,,,,,0
175,https://www.amazon.com/Corsair-MP600-Elite-PCIe-Gen4/dp/B0CSG3V9GJ,"Corsair MP600 Elite 1TB M.2 PCIe Gen4 x4 NVMe SSD – M.2 2280 – Up to 7,000MB/sec Sequential Read – High-Density 3D TLC NAND – Black",‎MP600 ELITE,https://images-na.ssl-images-amazon.com/images/I/31L H8ZzPML.jpg,$89.99,,,4.8 out of 5 stars,8
176,https://www.amazon.com/AGI-Portable-External-Aluminum-Housing/dp/B0BTDDQQKQ,"AGI 1TB ED198 PCIe Portable External SSD, USB3.1 Gen2 Type-C to Type-C/Type-A Cable, Aluminum Housing. (R/W Speed up to 1024/939 MB/s)",AGI,https://images-na.ssl-images-amazon.com/images/I/31ln8QREfoL.jpg,$74.99,,,4.7 out of 5 stars,5
177,https://www.amazon.com/Micron-4-0x4-Solid-State-MTFDKBK1T0QFM/dp/B0BWHDVR5R,Micron 2400 1TB M.2 2230 NVMe PCIe 4.0x4 SSD Solid State Drive MTFDKBK1T0QFM,‎MTFDKBK1T0QFM-1BD1AABYYR,https://images-na.ssl-images-amazon.com/images/I/4122i0tvhRL.jpg,$92.95,,,4.2 out of 5 stars,8
178,https://www.amazon.com/Crucial-Pro-1TB-Portable-CT1000X9PROSSD902/dp/B0C9WKGXHD,"Crucial X9 Pro 1TB Portable SSD - Up to 1050MB/s Read and Write - Water and dust Resistant, PC and Mac, with Mylio Photos+ Offer - USB 3.2 External Solid State Drive - CT1000X9PROSSD902",‎Crucial X9 Pro,https://images-na.ssl-images-amazon.com/images/I/41WvSV2Q2LL.jpg,$99.99,,,4.5 out of 5 stars,1257
179,https://www.amazon.com/SSK-Portable-External-420Mbps-Transfer/dp/B07WDS22WL,"SSK 1TB Portable External SSD,USB3.2 Gen2（6Gbps） Ultra Speed External Solid State Drive USB-C Mini External SSD with 550MB/s Data Transfer for Laptop, Typc C Phones and More",‎SD102,https://images-na.ssl-images-amazon.com/images/I/31mTJSGXIOS.jpg,$64.99,,,4.4 out of 5 stars,455
180,https://www.amazon.com/Transcend-External-Portable-ESD320A-TS512GESD320A/dp/B0CRZCGJDD,"Transcend 512GB External, Portable SSD ESD320A USB 10Gbps Type-A TS512GESD320A",‎TS512GESD320A,https://images-na.ssl-images-amazon.com/images/I/31jrthGmlsL.jpg,$59.99$59.99,,,,0
181,https://www.amazon.com/P06576-400GB-12Gbps-Mixed-Systems-Tested/dp/B0CP87SV4W,"P06576-400GB SSD, 2.5"" SAS 12Gbps Mixed use SFF, with Tray for G8, G9, G10 Series Systems. Fully Tested - Backed by One Year Warranty!",‎P06576,https://images-na.ssl-images-amazon.com/images/I/410eNXsNyTL.jpg,$149.00,,,,0
182,https://www.amazon.com/Kodak-480-Internal-SSD-Yellow/dp/B07N439HC8,"KODAK Internal SSD X150, Yellow, 480 GB",‎X150 series,https://images-na.ssl-images-amazon.com/images/I/41-lpYtvD6L.jpg,$32.84,,,3.9 out of 5 stars,50
183,https://www.amazon.com/SAMSUNG-PM991a-MZ9LQ1T0HBLB-Surface-Ultrabook/dp/B0BGYLVLJD,SAMSUNG 1TB M.2 2230 30mm PM991a NVMe PCIe Gen3 x4 TLC SSD (MZ9LQ1T0HBLB) for Xbox Surface Pro Steam Deck Dell HP Lenovo Laptop Ultrabook Tablet - Internal Solid State Drive (OEM New),‎‎Samsung PM991a Series,https://images-na.ssl-images-amazon.com/images/I/41sZJEJPL7L.jpg,$93.95,,,4.6 out of 5 stars,8
184,https://www.amazon.com/Ediloca-Internal-Upgrade-Laptop-Storage/dp/B0B51DVHW8,"Ediloca ES106 256GB SSD SATA III 2.5"" 3D TLC NAND Flash Internal Hard Drive, Up to 550MB/s Read, Upgrade PC or Laptop Memory and Storage(Black)",‎ES106,https://images-na.ssl-images-amazon.com/images/I/31Pz0h1C6jL.jpg,$22.99,,,4.7 out of 5 stars,652
185,https://www.amazon.com/51RISC-Internal-Surface-Laptop-Desktop/dp/B0CNLX61H8,"51RISC M.2 2230 1TB SSD, NVMe 1.4 PCIe Gen4 x4 Up to 5,000/4,000 MB/s(R&W) Internal Solid State Drive for Steam Deck, ROG Ally, Surface, Laptop, Desktop",‎1.76 ounces,https://images-na.ssl-images-amazon.com/images/I/41vD93FHYxL.jpg,$89.99,,,4.5 out of 5 stars,2
186,https://www.amazon.com/KingSpec-2TB-SATA-SSD-inch/dp/B0C7QPK81G,"KingSpec 2TB 2.5"" SATA SSD, SATA III 6Gb/s Internal Solid State Drive - 3D NAND Flash TLC, for Desktop/Laptop/All-in-one(P3,2TB)","‎2.5"" SATA SSD",https://images-na.ssl-images-amazon.com/images/I/41tdXOMZlLL.jpg,$97.99,,,4.6 out of 5 stars,562
187,https://www.amazon.com/Enclosure-10Gbps-Capacity-22x30-80MM/dp/B0CMJGB8QJ,"M.2 SSD Enclosure, 10Gbps USB 3.1 SSD Enclosure 6TB Capacity for 22x30 42 60 80MM SSD",BROLEOw9v3iz18gu,https://images-na.ssl-images-amazon.com/images/I/31JA0uFN8QL.jpg,$19.22,,,,0
188,https://www.amazon.com/Crucial-BX500-NAND-2-5-Inch-Internal/dp/B07YD579WM,"Crucial BX500 1TB 3D NAND SATA 2.5-Inch Internal SSD, up to 540MB/s - CT1000BX500SSD1, Solid State Drive",Crucial,https://images-na.ssl-images-amazon.com/images/I/3162aDj52NL.jpg,$69.99$69.99,,,4.7 out of 5 stars,114280
189,https://www.amazon.com/Netac-Internal-2280mm-PCIe3-0-Loading/dp/B0CSSR9PC2,"Netac 250GB Internal NVMe SSD Solid State Drive M.2 2280mm PCIe3.0 3D NAND with Heat Sink, Up to 3000/1400 MB/s, for PC Gamers, Game Loading, Office, NV3000",‎1.06 ounces,https://images-na.ssl-images-amazon.com/images/I/41A wWJzlpL.jpg,['1 option from $80.99'],,,5.0 out of 5 stars,1
190,https://www.amazon.com/Toshiba-Workload-Performance-Creative-Professionals/dp/B09TQ6VNB4,Toshiba X300 PRO 4TB High Workload Performance for Creative Professionals 3.5-Inch Internal Hard Drive – Up to 300 TB/Year Workload Rate CMR SATA 6 GB/s 7200 RPM 256 MB Cache - HDWR440XZSTB,‎X300 PRO 4TB,https://images-na.ssl-images-amazon.com/images/I/41YOdaPaWUL.jpg,$119.89,,,4.5 out of 5 stars,184
191,https://www.amazon.com/Patriot-Transporter-Type-C-External-Portable/dp/B0CRWJTQWV,Patriot Transporter 512GB Type-C External Portable SSD - Solid State Drive - PTP512GPEC,‎PTP512GPEC,https://images-na.ssl-images-amazon.com/images/I/21yu4LDTdNL.jpg,$49.99,,,,0
192,https://www.amazon.com/HP-FX900-512GB-Internal-Solid/dp/B09QLR7WDJ,"HP FX900 512GB NVMe Gen4 Gaming PC SSD - PCIe 4.0, 16 Gb/s, M.2 2280, 3D TLC NAND Internal Solid State Hard Drive Up to 4900 MB/s - 57S52AA#ABB",‎FX900,https://images-na.ssl-images-amazon.com/images/I/41lfaIIsh8L.jpg,$47.99,,,4.3 out of 5 stars,36
193,https://www.amazon.com/PNY-CS2241-Internal-Solid-State/dp/B0BXT97SMW,PNY CS2241 1TB M.2 NVMe Gen4 x4 Internal Solid State Drive (SSD) - M280CS2241-1TB-RB,‎M280CS2241-1TB-RB,https://images-na.ssl-images-amazon.com/images/I/41Rn3nvvL0L.jpg,$65.99,,,4.6 out of 5 stars,68
194,https://www.amazon.com/SAMSUNG-Inch-Internal-MZ-77E1T0B-AM/dp/B08QBJ2YMG,"SAMSUNG 870 EVO SATA III SSD 1TB 2.5” Internal Solid State Drive, Upgrade PC or Laptop Memory and Storage for IT Pros, Creators, Everyday Users, MZ-77E1T0B/AM",‎870 EVO,https://images-na.ssl-images-amazon.com/images/I/31ITAX-GoIL.jpg,['17 options from $38.39'],,,4.8 out of 5 stars,36850
195,https://www.amazon.com/SAMSUNG-Technology-Intelligent-Turbowrite-MZ-V9E1T0B/dp/B0CRCC9863,"SAMSUNG 990 EVO SSD 1TB, PCIe 5.0 x2 M.2 2280, Speeds Up-to 5,000MB/s, Upgrade Storage for PC/Laptops, HMB Technology and Intelligent Turbowrite (MZ-V9E1T0B/AM)",‎990 EVO,https://images-na.ssl-images-amazon.com/images/I/311uHzFoYnL.jpg,$109.99$109.99,,,4.6 out of 5 stars,13
196,https://www.amazon.com/External-SSD-Portable-Solid-Transfer/dp/B0CGZZWQ5M,External SSD:1TB Mini Portable Solid State Drive Transfer Up to 15MB/s USB 3.1 Gen1 External Solid State Drive(64 GB),‎Internal Hard Drives,https://images-na.ssl-images-amazon.com/images/I/31RIy8e7AIL.jpg,$16.99,,,1.0 out of 5 stars,2
197,https://www.amazon.com/Vansuny-Portable-External-High-Speed-Laptop/dp/B09NBVV4RV,"Vansuny 250GB USB 3.1 Portable External SSD, 430MB/s High-Speed USB C Mini Metal Portable External Solid State Drive for PC, Laptop, Phones and More","‎PC, Linux, Mac",https://images-na.ssl-images-amazon.com/images/I/21GGNs3X9FL.jpg,$25.99,,,4.3 out of 5 stars,368
198,https://www.amazon.com/Anleo-Travel-Samsung-Portable-External/dp/B0CF5BG8V9,Anleo Hard Travel Case for Samsung T7 / T7 Touch Portable SSD 1TB 2TB 500GB USB 3.2 External Solid State Drive (Red),B0CF5BG8V9,https://images-na.ssl-images-amazon.com/images/I/41kb3DTC2qL.jpg,$15.99$15.99,,,3.5 out of 5 stars,2
199,https://www.amazon.com/SAMSUNG-870-QVO-SATA-MZ-77Q4T0B/dp/B089C5P5SX,"SAMSUNG 870 QVO SATA III SSD 4TB 2.5"" Internal Solid State Drive, Upgrade Desktop PC or Laptop Memory and Storage for IT Pros, Creators, Everyday Users, MZ-77Q4T0B",‎870 QVO-Series,https://images-na.ssl-images-amazon.com/images/I/31Wv-myB0kL.jpg,$269.45,,,4.8 out of 5 stars,19656
200,https://www.amazon.com/BUFFALO-External-SSD-USB-%E2%80%8E%E2%80%8ESSD-PUT2-0U3B/dp/B09XS1972J,BUFFALO External SSD 2TB - Up to 600MB/s - USB-C - USB-A - USB 3.2 Gen 2 (Compatible with PS4 / PS5 / Windows/Mac) - External Solid State Drive Stick - ‎‎SSD-PUT2.0U3B,BUFFALO,https://images-na.ssl-images-amazon.com/images/I/31sLGCgbPJL.jpg,$114.99,,,4.4 out of 5 stars,2956
201,https://www.amazon.com/Hemoton-Enclosure-External-Digital-Aluminum/dp/B0CT2HMWM3,Hemoton HDD Enclosure Office Hard Disk Hard Disk with Date Cable Solid State Hard Drive External Ssd Tb Digital Hard Drive Storage Hard Disk Sp Ssd Data Line USB Aluminum Alloy,‎External Solid State Drives,https://images-na.ssl-images-amazon.com/images/I/41AQQAA0lIL.jpg,$19.29,,,,0
202,https://www.amazon.com/Silicon-Power-Performance-Internal-SP512GBSS3A55S25/dp/B07997QV4Z,"SP 512GB SSD 3D NAND A55 SLC Cache Performance Boost SATA III 2.5"" 7mm (0.28"") Internal Solid State Drive (SP512GBSS3A55S25)",‎A55,https://images-na.ssl-images-amazon.com/images/I/51wTtyJ1zsL.jpg,$35.97,,,4.6 out of 5 stars,9379
